{
    "新吾":"新吾",
    "蘭華":"兰华",
    "アンジェ":"安洁",
    "愛理":"爱理",
    "桜乃":"樱乃",
    "みう":"美羽",
    "紗凪":"纱凪",
    "隼太":"隼太",
    "万智":"万智",
    "カリン":"卡琳",
    "ドモン":"多蒙",
    "結子":"结子",
    "黒猫":"黑猫",
    "白猫":"白猫",
    "虎猫":"虎猫",
    "三人":"三人",
    "一同":"一起",
    "全員":"全员",
    "女の子":"女孩子",
    "父":"父",
    "教師":"教师",
    "ぱんにゃ":"熊喵",
    "結女生徒Ｄ":"结女学生Ｄ",
    "結女生徒Ｃ":"结女学生Ｃ",
    "結女生徒Ｂ":"结女学生Ｂ",
    "結女生徒Ａ":"结女学生Ａ",
    "結女生徒":"结女学生",
    "女子一同":"女生一起",
    "各務台男子Ａ":"各务台男生Ａ",
    "各務台男子Ｂ":"各务台男生Ｂ",
    "各務台女子Ａ":"各务台女生Ａ",
    "各務台女子Ｂ":"各务台女生Ｂ",
    "各務台女子Ｄ":"各务台女生Ｄ",
    "各務台女子Ｃ":"各务台女生Ｃ",
    "生徒会役員Ａ":"学生会成员Ａ",
    "生徒会役員Ｂ":"学生会成员Ｂ",
    "結女生徒一同":"結女学生一起",
    "綺麗なお姉さん":"漂亮的大姐姐",
    "声も無い三人":"无声无息的三人",
    "メイドさん":"女仆小姐",
    "女性教師":"女性教师",
    "女子生徒":"女学生",
    "学園長":"校长",
    "母ぱんにゃ":"熊喵妈妈",
    "子ぱんにゃ":"小熊喵",
    "クラス一同":"同学一起",
    "スーパー店員":"超市店员",
    "生徒一同":"学生一起",
    "結女生徒３年":"三年级结女学生",
    "結女生徒１年":"一年级结女学生",
    "料理研究部員Ａ":"料研会部员Ａ",
    "料理研究部員Ｂ":"料研会部员Ｂ",
    "おばあちゃん":"老奶奶",
    "学食係員Ａ":"校食堂职员Ａ",
    "学食係員Ｂ":"校食堂职员Ｂ",
    "講師":"教师",
    "男子一同":"男生一起",
    "ファミレス店員":"家庭餐厅店员",

    "隼太／新吾": "隼太／新吾", "愛理／新吾": "爱理／新吾", "アンジェ／新吾": "安洁／新吾", "アンジェ／みう": "安洁／美羽", "隼太／桜乃": "隼太／樱乃", "新吾／桜乃": "新吾／樱乃", "愛理／紗凪": "爱理／纱凪", "愛理／みう": "爱理／美羽", "愛理／アンジェ": "爱理／安洁", "アンジェ／紗凪": "安洁／纱凪", "紗凪／アンジェ": "纱凪／安洁", "新吾／愛理": "新吾／爱理", "蘭華／愛理": "兰华／爱理", "愛理／桜乃": "爱理／樱乃", "愛理／蘭華": "爱理／兰华", "新吾／アンジェ": "新吾／安洁", "アンジェ／桜乃": "安洁／樱乃", "みう／ぱんにゃ": "美羽／熊喵", "新吾／ぱんにゃ": "新吾／熊喵", "新吾／みう": "新吾／美羽", "新吾／紗凪": "新吾／纱凪", "黒猫／白猫": "黑猫／白猫", "新吾／黒猫": "新吾／黑猫", "カリン／ドモン": "卡琳／多蒙"
    
}